time_ms,closed_loop_angle,control_angle,angle_difference,closed_loop_velocity,control_velocity,velocity_difference,closed_loop_neural_offset,control_observed_neural_offset
1,-0.00011008521687472239,-0.00011008521687472239,0.0,0.022099146619439125,0.022099146619439125,0.0,0.0,0.0
2,-0.00012535385030787438,-0.00012535385030787438,0.0,0.05753022059798241,0.05753022059798241,0.0,0.0,0.0
3,-0.00012165763473603874,-0.00012165763473603874,0.0,0.06407708674669266,0.06407708674669266,0.0,0.0,0.0
4,-0.00011442516552051529,-0.00011442516552051529,0.0,0.06515005230903625,0.06515005230903625,0.0,0.0,0.0
5,-0.00010667636524885893,-0.00010667636524885893,0.0,0.06520182639360428,0.06520182639360428,0.0,0.0,0.0
6,-9.893786773318425e-05,-9.893786773318425e-05,0.0,0.06511446088552475,0.06511446088552475,0.0,0.0,0.0
7,-9.124983625952154e-05,-9.124983625952154e-05,0.0,0.06502925604581833,0.06502925604581833,0.0,0.0,0.0
8,-8.360311767319217e-05,-8.360311767319217e-05,0.0,0.06496049463748932,0.06496049463748932,0.0,0.0,0.0
9,-7.598183583468199e-05,-7.598183583468199e-05,0.0,0.06490207463502884,0.06490207463502884,0.0,0.0,0.0
10,-6.838160334154963e-05,-6.838160334154963e-05,0.0,0.06485020369291306,0.06485020369291306,0.0,0.0,0.0
11,-6.079194281483069e-05,-6.079194281483069e-05,0.0,0.06479926407337189,0.06479926407337189,0.0,0.0,0.0
12,-5.321009302861057e-05,-5.321009302861057e-05,0.0,0.0647488534450531,0.0647488534450531,0.0,0.0,0.0
13,-4.564294795272872e-05,-4.564294795272872e-05,0.0,0.06469934433698654,0.06469934433698654,0.0,0.0,0.0
14,-3.808928522630595e-05,-3.808928522630595e-05,0.0,0.06465177237987518,0.06465177237987518,0.0,0.0,0.0
15,0.001846139319241047,0.001846139319241047,0.0,16.521818161010742,16.521818161010742,0.0,0.0,0.0
16,0.010917283594608307,0.010917283594608307,0.0,3.3862204551696777,3.3862204551696777,0.0,0.0,0.0
17,0.010144934989511967,0.010144934989511967,0.0,-1.2501217126846313,-1.2501217126846313,0.0,0.0,0.0
18,0.010431531816720963,0.010431531816720963,0.0,1.5586638450622559,1.5586638450622559,0.0,0.0,0.0
19,0.011855628341436386,0.011855628341436386,0.0,1.541178584098816,1.541178584098816,0.0,0.0,0.0
20,0.013358897529542446,0.013358897529542446,0.0,1.278071641921997,1.278071641921997,0.0,0.0,0.0
21,0.014209932647645473,0.014209932647645473,0.0,0.5404986143112183,0.5404986143112183,0.0,0.0,0.0
22,0.014703411608934402,0.014703411608934402,0.0,0.5641186237335205,0.5641186237335205,0.0,0.0,0.0
23,0.015307803638279438,0.015307803638279438,0.0,0.7153633236885071,0.7153633236885071,0.0,0.0,0.0
24,0.016047019511461258,0.016047019511461258,0.0,0.8303486704826355,0.8303486704826355,0.0,0.0,0.0
25,0.01688053086400032,0.01688053086400032,0.0,0.901410698890686,0.901410698890686,0.0,0.0,0.0
26,0.017759716138243675,0.017759716138243675,0.0,0.922898530960083,0.922898530960083,0.0,0.0,0.0
27,0.01864558644592762,0.01864558644592762,0.0,0.9166074395179749,0.9166074395179749,0.0,0.0,0.0
28,0.019516605883836746,0.019516605883836746,0.0,0.894912600517273,0.894912600517273,0.0,0.0,0.0
29,0.020364902913570404,0.020364902913570404,0.0,0.8729196190834045,0.8729196190834045,0.0,0.0,0.0
30,0.02119533345103264,0.02119533345103264,0.0,0.8593729734420776,0.8593729734420776,0.0,0.0,0.0
31,0.02201622724533081,0.02201622724533081,0.0,0.8536033034324646,0.8536033034324646,0.0,0.0,0.0
32,0.022834524512290955,0.022834524512290955,0.0,0.8537167906761169,0.8537167906761169,0.0,0.0,0.0
33,0.02365436963737011,0.02365436963737011,0.0,0.8561380505561829,0.8561380505561829,0.0,0.0,0.0
34,0.02342173643410206,0.02342173643410206,0.0,-0.5236284732818604,-0.5236284732818604,0.0,0.0,0.0
35,0.024793952703475952,0.02283240482211113,0.0019615478813648224,0.8739089369773865,-0.4873598515987396,1.361268788576126,0.09982611240267811,0.09982611240267811
36,0.027247997000813484,0.022107766941189766,0.005140230059623718,1.6330747604370117,-0.5879406929016113,2.221015453338623,0.0979004030369569,0.0979004030369569
37,0.030310887843370438,0.021290678530931473,0.009020209312438965,2.0631144046783447,-0.5771013498306274,2.640215754508972,0.09599906348574838,0.09599906348574838
38,0.0338730551302433,0.020591281354427338,0.013281773775815964,2.2283778190612793,-0.5110464096069336,2.739424228668213,0.15636500470330347,0.15636500470330347
39,0.0375574491918087,0.019931672140955925,0.017625777050852776,2.3567371368408203,-0.4936988949775696,2.85043603181839,0.1540376801310141,0.1540376801310141
40,0.04157048091292381,0.019564617425203323,0.02200586348772049,2.724717855453491,-0.18108682334423065,2.905804678797722,0.15171285497873527,0.15171285497873527
41,0.0450793094933033,0.018873756751418114,0.026205552741885185,2.7337167263031006,-0.1816122680902481,2.9153289943933487,0.14939193358738068,0.14939193358738068
42,0.049537576735019684,0.018787512555718422,0.030750064179301262,3.422046422958374,0.35914620757102966,3.0629002153873444,0.14707627813192453,0.14707627813192453
43,0.053701192140579224,0.01851169764995575,0.035189494490623474,2.5561609268188477,-0.4199715554714203,2.976132482290268,0.14476720737495363,0.14476720737495363
44,0.05714048072695732,0.017485985532402992,0.03965449519455433,2.0362610816955566,-1.0864582061767578,3.1227192878723145,0.1424659956131083,0.1424659956131083
45,0.06006205826997757,0.016059178858995438,0.04400287941098213,2.2818214893341064,-0.8955052495002747,3.177326738834381,0.18402793347889512,0.18402793347889512
46,0.06458151340484619,0.015493134967982769,0.04908837843686342,3.1077628135681152,-0.15455666184425354,3.2623194754123688,0.18179368503158738,0.18179368503158738
47,0.06908776611089706,0.015219233930110931,0.05386853218078613,3.241173267364502,-0.12597541511058807,3.36714868247509,0.1795424606629097,0.1795424606629097
48,0.0734371468424797,0.014939096756279469,0.05849805008620024,3.05820369720459,-0.1467498391866684,3.2049535363912582,0.1772759954677156,0.1772759954677156
49,0.07758858054876328,0.014629010111093521,0.06295957043766975,2.890746831893921,-0.19179004430770874,3.0825368762016296,0.1749960145677739,0.1749960145677739
50,0.08161832392215729,0.01430293545126915,0.06731538847088814,2.7944211959838867,-0.22455985844135284,3.0189810544252396,0.17270422917651762,0.17270422917651762
51,0.08559539914131165,0.013934807851910591,0.07166059128940105,2.7541401386260986,-0.25537142157554626,3.009511560201645,0.17040233288970516,0.17040233288970516
52,0.08956142514944077,0.013557585887610912,0.07600383926182985,2.744581937789917,-0.28066372871398926,3.0252456665039062,0.16809199820601345,0.16809199820601345
53,0.09353023767471313,0.013183028437197208,0.08034720923751593,2.741499900817871,-0.3082019090652466,3.0497018098831177,0.16577487327998175,0.16577487327998175
54,0.09750977158546448,0.01279115118086338,0.0847186204046011,2.7504286766052246,-0.3379577100276947,3.0883863866329193,0.16345257890823206,0.16345257890823206
55,0.10148345679044724,0.01245645061135292,0.08902700617909431,2.7328450679779053,-0.16075798869132996,2.8936030566692352,0.16112670574851745,0.16112670574851745
56,0.10558789223432541,0.012275250628590584,0.09331264160573483,3.1002228260040283,-0.08501268178224564,3.185235507786274,0.15879881176988742,0.15879881176988742
57,0.10942059010267258,0.011941599659621716,0.09747899044305086,2.785339117050171,-0.23297616839408875,3.0183152854442596,0.15647041993111732,0.15647041993111732
58,0.11296222358942032,0.011485052295029163,0.10147717129439116,2.452486753463745,-0.27759870886802673,2.730085462331772,0.15414301608351402,0.15414301608351402
59,0.11661476641893387,0.011023618280887604,0.10559114813804626,3.123821496963501,-0.2861126661300659,3.409934163093567,0.1518180470932921,0.1518180470932921
60,0.12039843201637268,0.010550405830144882,0.1098480261862278,2.6516830921173096,-0.298993319272995,2.9506764113903046,0.1494969191779008,0.1494969191779008
61,0.1245105117559433,0.010063596069812775,0.11444691568613052,3.4410488605499268,-0.3140357732772827,3.7550846338272095,0.147180996449975,0.147180996449975
62,0.12874725461006165,0.009592407383024693,0.11915484722703695,3.008735179901123,-0.3052787780761719,3.314013957977295,0.144871599661973,0.144871599661973
63,0.1325892210006714,0.009140993468463421,0.12344822753220797,2.708099842071533,-0.29271429777145386,3.000814139842987,0.14257000514405171,0.14257000514405171
64,0.13676606118679047,0.008699794299900532,0.12806626688688993,3.71608829498291,-0.2864224910736084,4.0025107860565186,0.14027744392730385,0.14027744392730385
65,0.14128975570201874,0.008267071098089218,0.13302268460392952,3.223724842071533,-0.280036062002182,3.503760904073715,0.1379951010441433,0.1379951010441433
66,0.14510060846805573,0.007814097218215466,0.13728651124984026,2.6980714797973633,-0.31147322058677673,3.00954470038414,0.1357241149973616,0.1357241149973616
67,0.14872939884662628,0.007338857743889093,0.1413905411027372,2.5768866539001465,-0.3186652660369873,2.895551919937134,0.13346557738919204,0.2079502848062659
68,0.15260323882102966,0.006857608910650015,0.14574562991037965,3.485349416732788,-0.32437893748283386,3.809728354215622,0.13122053270159528,0.20603394666779032
69,0.15715618431568146,0.006372473668307066,0.1507837106473744,3.1110377311706543,-0.3281320035457611,3.4391697347164154,0.1773098183635958,0.2040814626948792
70,0.16096733510494232,0.005889342166483402,0.15507799293845892,2.7264933586120605,-0.3132205009460449,3.0397138595581055,0.20496587018491905,0.20209433815065883
71,0.16470609605312347,0.005418907850980759,0.15928718820214272,2.934950828552246,-0.3171001970767975,3.2520510256290436,0.20299416939150958,0.20007412630226162
72,0.16912692785263062,0.0049439892172813416,0.16418293863534927,3.099259614944458,-0.31926867365837097,3.418528288602829,0.2009886756190451,0.19802242280394045
73,0.17293184995651245,0.004546120297163725,0.16838572965934873,2.7287135124206543,-0.3114878237247467,3.040201336145401,0.1989509661105997,0.1959408601164429
74,0.17684921622276306,0.004098225850611925,0.17275099037215114,3.8062188625335693,-0.30111852288246155,4.107337385416031,0.19688265742473265,0.19383110199055706
75,0.18127307295799255,0.003630282822996378,0.17764279013499618,3.050724983215332,-0.30924180150032043,3.3599667847156525,0.19478539988679325,0.19169483804056017
76,0.1850109100341797,0.0031588757410645485,0.18185203429311514,2.684025287628174,-0.31764742732048035,3.001672714948654,0.1926608721188045,0.1895337784310797
77,0.18881309032440186,0.0026845582760870457,0.1861285320483148,3.092454671859741,-0.31691774725914,3.4093724191188812,0.19051077567244004,0.18734964869862947
78,0.19317886233329773,0.0022112333681434393,0.1909676289651543,3.009004831314087,-0.3176766633987427,3.3266814947128296,0.18833682978737054,0.1851441847268445
79,0.19691067934036255,0.00173667399212718,0.19517400534823537,2.694293260574341,-0.3190731108188629,3.0133663713932037,0.18614076629501108,0.18291912789221806
80,0.20092397928237915,0.00126163091044873,0.19966234837193042,3.6296255588531494,-0.31875234842300415,3.9483779072761536,0.18392432468546893,0.18067622039497053
81,0.20526553690433502,0.0007866573287174106,0.2044788795756176,3.032226800918579,-0.31868603825569153,3.3509128391742706,0.18168924735329567,0.17841720078756104
82,0.20899029076099396,0.0003113937855232507,0.2086788969754707,2.6925318241119385,-0.3184314966201782,3.0109633207321167,0.17943727503550044,0.17614379971130756
83,0.2129652202129364,-0.00016421981854364276,0.21312944003148004,3.4617326259613037,-0.3191071152687073,3.780839741230011,0.177170142453203,0.17385773584962003
84,0.2172931581735611,-0.0006409134948626161,0.2179340716684237,3.0205960273742676,-0.3196984529495239,3.3402944803237915,0.17488957416630335,0.2216963482367662
85,0.2210049331188202,-0.0011163877788931131,0.2221213208977133,2.676266670227051,-0.31207355856895447,2.9883402287960052,0.1725972806486346,0.2201121337799602
86,0.225128173828125,-0.0015796651132404804,0.22670783894136548,3.0741798877716064,-0.3170996606349945,3.391279548406601,0.17029495458925117,0.21848218964037744
87,0.22932122647762299,-0.002015664940699935,0.23133689141832292,2.8674442768096924,-0.29464831948280334,3.1620925962924957,0.16798426742379724,0.21680744853193742
88,0.23339492082595825,-0.002429504878818989,0.23582442570477724,2.78873872756958,-0.2789454162120819,3.067684143781662,0.16566686609830047,0.2150889330721324
89,0.23742088675498962,-0.002708950312808156,0.24012983706779778,2.7588534355163574,-0.24170629680156708,3.0005597323179245,0.16334437006625158,0.21332775108157814
90,0.24140091240406036,-0.0030737342312932014,0.24447464663535357,2.726785659790039,-0.2521620988845825,2.9789477586746216,0.16101836851845897,0.21152509063665775
91,0.2453359067440033,-0.0034591404255479574,0.24879504716955125,2.670201301574707,-0.2598693370819092,2.930070638656616,0.15869041784391225,0.20968221491524963
92,0.24924908578395844,-0.0038527538999915123,0.25310183968394995,2.676971435546875,-0.2640102207660675,2.9409816563129425,0.15636203931875087,0.20780045687481946
93,0.2532139718532562,-0.0042474218644201756,0.2574613937176764,2.7360382080078125,-0.2660808265209198,3.0021190345287323,0.1540347170194047,0.22349804144176963
94,0.25741690397262573,-0.004155041184276342,0.2615719451569021,2.8110601902008057,-0.013353821821510792,2.8244140120223165,0.15170989595506068,0.23316167310949162
95,0.26148396730422974,-0.004163237754255533,0.26564720505848527,2.8156440258026123,-0.03749364614486694,2.8531376719474792,0.1493889804138012,0.23198683765127603
96,0.26552650332450867,-0.004188491962850094,0.26971499528735876,2.7580814361572266,-0.025088360533118248,2.783169796690345,0.14707333251605545,0.23076249638835142
97,0.26952889561653137,-0.00422323914244771,0.2737521347589791,2.7313954830169678,-0.0645161047577858,2.7959115877747536,0.14476427096840216,0.229488685357223
98,0.27350685000419617,-0.004321933723986149,0.2778287837281823,2.711027145385742,-0.150041401386261,2.861068546772003,0.1424630700102516,0.22816555488589194
99,0.27747052907943726,-0.00431779446080327,0.2817883235402405,2.705423355102539,-0.00802791677415371,2.7134512718766928,0.14017095854551403,0.22679336851887066
100,0.28139835596084595,-0.0042832582257688046,0.28568161418661475,2.6672120094299316,-0.018493497744202614,2.6857055071741343,0.13788911945102705,0.2253725013842552
101,0.28529903292655945,-0.004314599558711052,0.2896136324852705,2.667285680770874,-0.04846162721514702,2.715747307986021,0.13561868905325464,0.22390343803239318
102,0.2892076373100281,-0.0042569744400680065,0.2934646117500961,2.6733250617980957,0.1354007124900818,2.537924349308014,0.1333607567645863,0.22238676977870603
103,0.2931518256664276,-0.00424986844882369,0.2974016941152513,2.713595151901245,-0.37882673740386963,3.0924218893051147,0.1311163648704476,0.22082319158573183
104,0.2971283197402954,-0.0045302496291697025,0.3016585693694651,2.740748405456543,-0.22558622062206268,2.9663346260786057,0.17724766453883525,0.21921349852146021
105,0.30111411213874817,-0.004716142546385527,0.3058302546851337,2.7493233680725098,-0.1688503623008728,2.9181737303733826,0.1749675260489088,0.21755858183254573
106,0.30510425567626953,-0.004825587850064039,0.30992984352633357,2.741185188293457,0.07523176074028015,2.665953427553177,0.17267560428718598,0.21585942467203062
107,0.3090919554233551,-0.004694580100476742,0.31378653552383184,2.7485673427581787,0.07238355278968811,2.6761837899684906,0.17037359260746485,0.228445300146296
108,0.31308040022850037,-0.004583623260259628,0.31766402348876,2.753645896911621,0.05884702131152153,2.6947988756000996,0.16806316322456796,0.22708330786344283
109,0.3170701265335083,-0.00454753590747714,0.32161766244098544,2.741288661956787,0.012186018750071526,2.7291026432067156,0.16574596397019015,0.22567254754703972
110,0.321061909198761,-0.004515438340604305,0.3255773475393653,2.7526698112487793,-0.012454722076654434,2.7651245333254337,0.16342361528202565,0.22421348115126652
111,0.3251726031303406,-0.0044728838838636875,0.32964548701420426,3.3939454555511475,0.13660089671611786,3.2573445588350296,0.16109770742570942,0.2227066779882296
112,0.3293716311454773,-0.004227088764309883,0.3335987199097872,2.8748366832733154,0.16225853562355042,2.712578147649765,0.15876979794784674,0.22115281170301507
113,0.3334561288356781,-0.004116471856832504,0.3375726006925106,2.7708001136779785,0.07178843021392822,2.6990116834640503,0.1564414093572644,0.21955265681716876
114,0.3374652564525604,-0.004437846131622791,0.3419031025841832,2.72163724899292,0.11290154606103897,2.608735702931881,0.15411402703058383,0.21790708487891342
115,0.34142160415649414,-0.0044643813744187355,0.3458859855309129,2.691314935684204,-0.08390718698501587,2.77522212266922,0.15178909733729937,0.21621706025955373
116,0.3453372120857239,-0.004552800208330154,0.34989001229405403,2.6561946868896484,-0.08787349611520767,2.744068183004856,0.14946802597873282,0.21448363563620956
117,0.3492196202278137,-0.004541211295872927,0.35376083152368665,2.6403069496154785,0.08894803375005722,2.5513589158654213,0.14715217653452883,0.2127079472012811
118,0.35308268666267395,-0.0044228024780750275,0.357505489140749,2.6327123641967773,0.09130547940731049,2.541406884789467,0.14484286920974765,0.2108912096389197
119,0.3569963872432709,-0.004376255441457033,0.3613726426847279,2.7008254528045654,0.024377627298235893,2.6764478255063295,0.14254137977509898,0.209034710908286
120,0.36096423864364624,-0.004371745977550745,0.365335984621197,2.7434587478637695,-0.21126684546470642,2.954725593328476,0.14024893869243807,0.2071398068725568
121,0.3649454712867737,-0.004526250995695591,0.3694717222824693,2.732208013534546,-0.12717942893505096,2.859387442469597,0.13796673041730523,0.2052079158115292
122,0.3689297139644623,-0.004649925045669079,0.37357963901013136,2.7423505783081055,-0.12144679576158524,2.8637973740696907,0.13569589287003003,0.20324051285430245
123,0.3729201853275299,-0.0047409916296601295,0.37766117695719004,2.7519798278808594,-0.023511767387390137,2.7754915952682495,0.1334375170667338,0.20123912436692581
124,0.37709999084472656,-0.004681413061916828,0.3817814039066434,3.3457345962524414,-0.00544119905680418,3.3511757953092456,0.1311926469014439,0.19920532232812516
125,0.38130053877830505,-0.00470815971493721,0.38600869849324226,2.8885865211486816,-0.037602126598358154,2.92618864774704,0.12896227907047486,0.19714071872428995
126,0.385406494140625,-0.004743202589452267,0.39014969673007727,2.7884254455566406,-0.036975979804992676,2.8254014253616333,0.12674736313022927,0.195046959992853
127,0.3894065320491791,-0.004710817243903875,0.39411734929308295,2.6905903816223145,0.16230660676956177,2.5282837748527527,0.17464202337794327,0.19292572154105406
128,0.39333662390708923,-0.0045295399613678455,0.3978661638684571,2.6594738960266113,0.13990207016468048,2.519571825861931,0.17234856274311042,0.1907787023648784
129,0.39721348881721497,-0.004413621500134468,0.40162711031734943,2.6263232231140137,0.049621373414993286,2.5767018496990204,0.17004525154500472,0.1886076197907249
130,0.4010525941848755,-0.004387266933917999,0.4054398611187935,2.59613037109375,0.012556111440062523,2.5835742596536875,0.16773375872086355,0.18641420436011286
131,0.4049096703529358,-0.004312397912144661,0.40922206826508045,2.659445285797119,0.19271749258041382,2.4667277932167053,0.1654157283820536,0.18420019487550232
132,0.4088529348373413,-0.004484590608626604,0.4133375254459679,2.7213985919952393,-0.07902447879314423,2.8004230707883835,0.1630927768363905,0.18196733362310197
133,0.4128194749355316,-0.0046025351621210575,0.4174220100976527,2.710270643234253,-0.12638327479362488,2.836653918027878,0.1607664898431012,0.17971736178638395
134,0.4167947769165039,-0.004722652956843376,0.4215174298733473,2.7341959476470947,-0.11118491739034653,2.8453808650374413,0.15843842009853407,0.17745201506193745
135,0.42107081413269043,-0.004815093707293272,0.4258859078399837,3.101700782775879,-0.0780617743730545,3.1797625571489334,0.15611008494959552,0.17517301948728295
136,0.42527687549591064,-0.00479484349489212,0.43007171899080276,2.9071946144104004,0.13407044112682343,2.773124173283577,0.1537829643308768,0.17288208748834344
137,0.42937368154525757,-0.00466357683762908,0.43403725838288665,2.759329080581665,0.09014355391263962,2.6691855266690254,0.15145849892053184,0.17058091415244564
138,0.43333277106285095,-0.004606334026902914,0.43793910508975387,2.667773485183716,0.036859992891550064,2.6309134922921658,0.14913808850917043,0.16827117373100134
139,0.4372197687625885,-0.0045899152755737305,0.44180968403816223,2.6299397945404053,0.005405467934906483,2.624534326605499,0.14682309057533904,0.16595451637440628
140,0.4410640001296997,-0.004585253074765205,0.4456492532044649,2.604926586151123,0.0015159135218709707,2.603410672629252,0.1445148190605667,0.1636325651001949
141,0.4448787569999695,-0.004452194552868605,0.4493309515528381,2.6007630825042725,0.4206475615501404,2.180115520954132,0.14221454333645506,0.16130691299410382
142,0.4487646222114563,-0.004219963680952787,0.4529845858924091,2.696946382522583,0.1497972160577774,2.5471491664648056,0.13992348735587912,0.15897912064242803
143,0.45272064208984375,-0.004118308424949646,0.4568389505147934,2.7328672409057617,0.07406916469335556,2.658798076212406,0.13764282898003943,0.15665071379289952
144,0.45669442415237427,-0.00406383303925395,0.4607582571916282,2.730619192123413,0.038644950836896896,2.691974241286516,0.18114449131575866,0.15432318124027772
145,0.4610458314418793,-0.004433811642229557,0.46547964308410883,2.956463575363159,-0.3523690104484558,3.308832585811615,0.2072837480935109,0.15199797293191353
146,0.4652359187602997,-0.004669525660574436,0.4699054444208741,2.867443561553955,0.10582046210765839,2.7616230994462967,0.2053545905076794,0.14967649828772525
147,0.46929648518562317,-0.004593403544276953,0.4738898887299001,2.745790958404541,0.027520673349499702,2.7182702850550413,0.2033898081342539,0.1883446836317854
148,0.47322577238082886,-0.004575274884700775,0.47780104726552963,2.655352830886841,-0.003861540462821722,2.6592143713496625,0.20139092367829237,0.18614869651901192
149,0.4770827889442444,-0.004580207169055939,0.4816629961133003,2.621068239212036,-0.01769939996302128,2.6387676391750574,0.19935950588059434,0.183932325029304
150,0.4808942675590515,-0.004482915624976158,0.48537718318402767,2.5833451747894287,0.056353610008955,2.5269915647804737,0.19729716391019786,0.1816973115550619
151,0.48471206426620483,-0.004442725330591202,0.48915478959679604,2.6171863079071045,0.020966628566384315,2.59621967934072,0.19520554180314997,0.17944539684718072
152,0.48864343762397766,-0.004431518726050854,0.4930749563500285,2.733863592147827,-0.0057385629042983055,2.7396021550521255,0.19308631297470558,0.17717831565595402
153,0.49290379881858826,-0.004433684051036835,0.4973374828696251,3.3443961143493652,-0.011465203016996384,3.3558613173663616,0.1909411748299122,0.17489779258496302
154,0.4971773326396942,-0.0044356901198625565,0.5016130227595568,2.9450666904449463,-0.01072752196341753,2.955794212408364,0.1887718434953054,0.17260553816542595
155,0.5012909770011902,-0.00431490084156394,0.5056058778427541,2.790271043777466,0.39427533745765686,2.395995706319809,0.1865800486921913,0.17030324515666556
156,0.5052489638328552,-0.0044548711739480495,0.5097038350068033,2.6677792072296143,-0.10725980997085571,2.77503901720047,0.1843675287697601,0.16799258507664538
157,0.5090990662574768,-0.004576586186885834,0.5136756524443626,2.585392713546753,-0.1072278693318367,2.6926205828785896,0.18213602591406725,0.16567520496492577
158,0.5128847360610962,-0.004674455616623163,0.5175591916777194,2.5449531078338623,-0.09991873800754547,2.6448718458414078,0.17988728154676253,0.16335272437890536
159,0.5166655778884888,-0.0047510769218206406,0.5214166548103094,2.6174960136413574,-0.07594612240791321,2.6934421360492706,0.17762303192535406,0.16102673262284123
160,0.5205737352371216,-0.004794414155185223,0.5253681493923068,2.724433422088623,-0.048293061554431915,2.772726483643055,0.17534500395477554,0.1586987862078869
161,0.5245368480682373,-0.004744738340377808,0.5292815864086151,2.7470669746398926,0.012319214642047882,2.7347477599978447,0.1730549112180969,0.1563704065402477
162,0.5290007591247559,-0.004747633822262287,0.5337483929470181,3.000964403152466,-0.01695220172405243,3.0179166048765182,0.17075445023238406,0.1540430778335235
163,0.5332050919532776,-0.004759521689265966,0.5379646136425436,2.868145227432251,-0.022754747420549393,2.8908999748528004,0.16844529693398314,0.15171824524039723
164,0.5372247695922852,-0.004767104517668486,0.5419918741099536,2.7128305435180664,-0.011539001949131489,2.724369545467198,0.16612910339588588,0.1493973131980159
165,0.5410988330841064,-0.004766070283949375,0.5458649033680558,2.6153006553649902,-0.012454787269234657,2.627755442634225,0.16380749477832174,0.14708164398070928
166,0.5448950529098511,-0.004765002988278866,0.5496600558981299,2.5722904205322266,-0.011856562457978725,2.5841469829902053,0.16148206651233066,0.14477255645308548
167,0.5486535429954529,-0.004765769932419062,0.5534193129278719,2.5849838256835938,-0.012291813269257545,2.5972756389528513,0.15915438171479163,0.1424713250160337
168,0.5525152683258057,-0.004600290209054947,0.5571155585348606,2.6999688148498535,0.09981139749288559,2.600157417356968,0.15682596883222016,0.1401791787377426
169,0.556885302066803,-0.0045256358571350574,0.561410937923938,3.1506447792053223,0.04786460101604462,3.1027801781892776,0.15449831950959803,0.13789730066150713
170,0.5611346364021301,-0.004484576638787985,0.5656192130409181,2.9108595848083496,0.01678113266825676,2.894078452140093,0.15217288667956258,0.1356268272818383
171,0.5651811957359314,-0.004458028357475996,0.5696392240934074,2.735445261001587,0.013956163078546524,2.7214890979230404,0.1498510828664537,0.1333688481802046
172,0.5690701007843018,-0.004437579307705164,0.5735076800920069,2.627253770828247,0.003114366205409169,2.624139404622838,0.14753427869899247,0.13112440581161608
173,0.5728622078895569,-0.0044284542091190815,0.577290662098676,2.5649960041046143,-0.007594097405672073,2.5725901015102863,0.1452238016247417,0.1288944954332052
174,0.5766052603721619,-0.004299394320696592,0.5809046546928585,2.57314133644104,0.10206203162670135,2.4710793048143387,0.142920934818971,0.1266800651659579
175,0.5804528594017029,-0.004233875311911106,0.584686734713614,2.6932320594787598,0.04480632394552231,2.6484257355332375,0.14062691628011093,0.12448201618079871
176,0.5846434235572815,-0.004204824101179838,0.5888482476584613,3.621856451034546,0.008958791382610798,3.612897659651935,0.13834293810362794,0.12230120300032815
177,0.5890439748764038,-0.004193061962723732,0.5932370368391275,3.016228437423706,-0.002372299088165164,3.018600736511871,0.1360701459258794,0.17199273508173962
178,0.5931758880615234,-0.004170533735305071,0.5973464217968285,2.7932934761047363,0.009309325367212296,2.783984150737524,0.13380963852930844,0.16968804924496533
179,0.5971056818962097,-0.00415600324049592,0.6012616851367056,2.6486003398895264,-0.0027805883437395096,2.651380928233266,0.1315624676002075,0.16737543790410297
180,0.6008879542350769,-0.004145101178437471,0.6050330554135144,2.5134482383728027,-0.0002990812645293772,2.513747319637332,0.12932963763021116,0.16505654105688367
181,0.6046039462089539,-0.004131007008254528,0.6087349532172084,2.5205953121185303,0.0017658073920756578,2.5188295047264546,0.12711210595266806,0.1627329704575214
182,0.6084006428718567,-0.004119194112718105,0.6125198369845748,2.640871286392212,-0.00400865962728858,2.6448799460195005,0.12491078290508142,0.16040630690753616
183,0.6123223304748535,-0.0039245509542524815,0.616246881429106,2.7352635860443115,0.12881790101528168,2.60644568502903,0.12272653210889559,0.1580780977769286
184,0.6169057488441467,-0.003823381382972002,0.6207291302271187,3.0692317485809326,0.08272145688533783,2.986510291695595,0.12056017085803325,0.15574985475251973
185,0.6211096048355103,-0.0038927511777728796,0.6250023560132831,2.8446338176727295,-0.4854387938976288,3.3300726115703583,0.11841247060775331,0.15342305180927301
186,0.6250618100166321,-0.004232415929436684,0.6292942259460688,2.654569625854492,-0.25945669412612915,2.9140263199806213,0.1162841575555961,0.15109912339952952
187,0.6288549304008484,-0.0044306195341050625,0.6332855499349535,2.555326223373413,-0.17732588946819305,2.732652112841606,0.11417591330640592,0.14877946285430615
188,0.6325644850730896,-0.004565042443573475,0.6371295275166631,2.5240702629089355,-0.12893617153167725,2.653006434440613,0.11208837561366938,0.14646542099013132
189,0.6363450884819031,-0.0046582999639213085,0.6410033884458244,2.6425974369049072,-0.09355638921260834,2.7361538261175156,0.11002213918967424,0.14415830491431253
190,0.6407944560050964,-0.004718792624771595,0.645513248629868,3.1575863361358643,-0.06660361588001251,3.2241899520158768,0.10797775657727665,0.14185937702104456
191,0.6450566649436951,-0.004750128369778395,0.6498067933134735,2.897479295730591,-0.041689321398735046,2.939168617129326,0.10595573907636077,0.21015292239919003
192,0.6490516066551208,-0.004766145721077919,0.6538177523761988,2.683124542236328,-0.030198123306035995,2.713322665542364,0.10395655771837878,0.2082808872211823
193,0.6528635621070862,-0.004774058703333139,0.6576376208104193,2.563748836517334,-0.018789349123835564,2.5825381856411695,0.10198064428267273,0.20637100716361642
194,0.6565704345703125,-0.004783619195222855,0.6613540537655354,2.5049116611480713,-0.021695857867598534,2.52660751901567,0.10002839234859459,0.20442472392929237
195,0.6603138446807861,-0.004560959991067648,0.6648748046718538,2.6132404804229736,0.1263865977525711,2.4868538826704025,0.09810015837776015,0.20244353382771474
196,0.6645618677139282,-0.00446725869551301,0.6690291264094412,3.5544333457946777,0.06152472272515297,3.4929086230695248,0.09619626282108934,0.2004289821541005
197,0.6689147353172302,-0.004414200317114592,0.6733289356343448,2.9362945556640625,0.035417743027210236,2.9008768126368523,0.09431699124560308,0.19838265756918383
198,0.6729543805122375,-0.004368950147181749,0.6773233306594193,2.700713872909546,0.046314433217048645,2.6543994396924973,0.09246259547625729,0.19630618651019188
199,0.6767634749412537,-0.004315174650400877,0.6810786495916545,2.55067777633667,0.04632199555635452,2.5043557807803154,0.09063329474840481,0.19420122766127654
200,0.6804717183113098,-0.004263901151716709,0.6847356194630265,2.5027828216552734,0.044923026114702225,2.457859795540571,0.08882927686677411,0.19206946650951798
201,0.6842285394668579,-0.004207820165902376,0.6884363596327603,2.6253600120544434,0.07605493813753128,2.549305073916912,0.08705069936715035,0.21390577219874116
202,0.6884062886238098,-0.003940322902053595,0.6923466115258634,3.747406005859375,0.19560958445072174,3.5517964214086533,0.08529769067722784,0.21211648121888038
203,0.6928570866584778,-0.0037894633132964373,0.6966465499717742,3.014906406402588,0.1466631144285202,2.8682432919740677,0.08357035127338086,0.21028655577316818
204,0.6969408392906189,-0.0036585242487490177,0.7005993635393679,2.7426092624664307,0.12736502289772034,2.6152442395687103,0.08186875483036571,0.2084173066931163
205,0.7007838487625122,-0.003548629814758897,0.7043324785772711,2.5699353218078613,0.11344914138317108,2.4564861804246902,0.0801929493612247,0.20651011092528876
206,0.7044907212257385,-0.0034541324712336063,0.7079448536969721,2.4971790313720703,0.1084032729268074,2.388775758445263,0.07854295834490813,0.2045664060137426
207,0.7082055807113647,-0.0033093919046223164,0.7115149726159871,2.5912094116210938,0.6529256701469421,1.9382837414741516,0.07691878183936632,0.2025876845141756
208,0.7120742201805115,-0.003387274919077754,0.7154614950995892,2.7046680450439453,-0.0026501845568418503,2.707318229600787,0.07532039757808842,0.20057548837410602
209,0.7167287468910217,-0.003452272852882743,0.7201810197439045,3.187795877456665,-0.026790481060743332,3.2145863585174084,0.07374776204827788,0.19853140331157784
210,0.7209909558296204,-0.0034612088929861784,0.7244521647226065,2.867145538330078,0.0032800030894577503,2.8638655352406204,0.0722008115490573,0.1964570532229142
211,0.7249029874801636,-0.003447246737778187,0.7283502342179418,2.576477527618408,0.02816183865070343,2.5483156889677048,0.0706794632282865,0.194354094647956
212,0.728621244430542,-0.0033987928181886673,0.7320200372487307,2.466686248779297,0.053958483040332794,2.412727765738964,0.0691836160967586,0.19222421131906145
213,0.7322494983673096,-0.0033438713289797306,0.7355933696962893,2.4897358417510986,0.05922946706414223,2.4305063746869564,0.06771315201870867,0.19006910881792644
214,0.7362287044525146,-0.0032809143885970116,0.7395096188411117,3.7636044025421143,0.07692881673574448,3.68667558580637,0.06626793667772851,0.18789050936204352
215,0.7407792210578918,-0.003201438579708338,0.7439806596376002,3.052215576171875,0.0983952060341835,2.9538203701376915,0.06484782051733093,0.18569014674037332
216,0.7448763847351074,-0.0031282934360206127,0.748004678171128,2.707008123397827,0.0872928649187088,2.6197152584791183,0.06345263965554496,0.1834697614155777
217,0.7486820816993713,-0.002853023586794734,0.7515351052861661,2.5015642642974854,0.1870305836200714,2.314533680677414,0.06208221677305423,0.18123109580797442
218,0.7523332238197327,-0.002761548152193427,0.7550947719719261,2.42569899559021,-0.6340821981430054,3.0597811937332153,0.06073636197450921,0.17897588977424145
219,0.7560282349586487,-0.003075268119573593,0.7591035030782223,2.5654537677764893,-0.16917243599891663,2.734626203775406,0.059414873622756575,0.17670587629183368
220,0.7602074146270752,-0.003222964471206069,0.7634303790982813,3.8715708255767822,-0.10954628884792328,3.9811171144247055,0.058117539145830066,0.17442277735809175
221,0.7646892666816711,-0.003295853268355131,0.7679851199500263,2.9739108085632324,-0.04595065489411354,3.019861463457346,0.05684413581664238,0.17212830011113117
222,0.7687250971794128,-0.003312173066660762,0.7720372702460736,2.673774242401123,0.0037125200033187866,2.6700617223978043,0.05559443150540322,0.16982413317780698
223,0.7724963426589966,-0.002943839645013213,0.7754401823040098,2.471923828125,0.273835688829422,2.198088139295578,0.05436818540486699,0.16751194325236318
224,0.7761327028274536,-0.0027168032247573137,0.7788495060522109,2.4566540718078613,0.18451091647148132,2.27214315533638,0.05316514872858635,0.16519337190780015
225,0.7798923850059509,-0.0025641596876084805,0.7824565446935594,2.620076894760132,0.13471071422100067,2.485366180539131,0.05198506538241071,0.1628700326405308
226,0.784487247467041,-0.002443200908601284,0.7869304483756423,3.3823492527008057,0.12816719710826874,3.254182055592537,0.05082767260952903,0.16054350814754983
227,0.7888246178627014,-0.002324312459677458,0.7911489303223789,2.8914308547973633,0.1314406841993332,2.75999017059803,0.04969270160940645,0.19486536784992053
228,0.7927627563476562,-0.0022140517830848694,0.7949768081307411,2.5843865871429443,0.11922378093004227,2.465162806212902,0.0485798781310125,0.1927418424038352
229,0.7964499592781067,-0.002022742060944438,0.7984727013390511,2.4093034267425537,0.9660153388977051,1.4432880878448486,0.047488923040778785,0.19059268345648075
230,0.8000512719154358,-0.0021945242770016193,0.8022457961924374,2.4719038009643555,-0.035155825316905975,2.5070596262812614,0.046419552865760216,0.18841960967122984
231,0.8041712641716003,-0.0022510564886033535,0.8064223206602037,3.9003360271453857,-0.008668079972267151,3.909004107117653,0.045371480312505735,0.18622435249341568
232,0.8086745142936707,-0.002262294525280595,0.8109368088189512,2.990943670272827,-0.005083148833364248,2.9960268191061914,0.04434441476217105,0.1840086512107985
233,0.8126755356788635,-0.002267028670758009,0.8149425643496215,2.631004571914673,0.01010160706937313,2.6209029648452997,0.04333806274242899,0.18177424819228455
234,0.8163890242576599,-0.002215522574260831,0.8186045468319207,2.4364190101623535,0.0337105467915535,2.4027084633708,0.04235212837675248,0.1795228843184347
235,0.8200134634971619,-0.002168887061998248,0.8221823505591601,2.497835397720337,0.05625498667359352,2.4415804110467434,0.04138631381166044,0.17725629461521875
236,0.8240171074867249,-0.00211645127274096,0.8261335587594658,3.8553764820098877,0.08489406853914261,3.770482413470745,0.040440319622529475,0.17497620410046671
237,0.828624427318573,-0.002033514203503728,0.8306579415220767,3.0554301738739014,0.10361012816429138,2.95182004570961,0.03951384519858392,0.1726843238505538
238,0.8326709866523743,-0.0018560690805315971,0.8345270557329059,2.658609390258789,1.0203239917755127,1.6382853984832764,0.038606589107683026,0.17038234729303844
239,0.8363991379737854,-0.002040374558418989,0.8384395125322044,2.4391732215881348,-0.05582517012953758,2.4949983917176723,0.037718249441528906,0.1680719467292612
240,0.8400091528892517,-0.002129602711647749,0.8421387556008995,2.479438543319702,-0.03788802772760391,2.517326571047306,0.03684852414191997,0.16575477008930767
241,0.8438733220100403,-0.0021648488473147154,0.846038170857355,3.4310386180877686,0.0011687749065458775,3.4298698431812227,0.035997111308675306,0.19799925065064608
242,0.8486074805259705,-0.002088173059746623,0.8506956535857171,3.161081314086914,0.05390595272183418,3.10717536136508,0.03516370948985273,0.1959173626148235
243,0.8527328372001648,-0.0018982001347467303,0.8546310373349115,2.706965208053589,0.3071610927581787,2.39980411529541,0.0343480179548796,0.19380729794808219
244,0.8564826846122742,-0.0020546054001897573,0.8585372900124639,2.445150136947632,-0.05630430206656456,2.5014544390141964,0.03354973695121044,0.1916707465242851
245,0.8600656986236572,-0.0020729543175548315,0.8621386529412121,2.431088924407959,0.020299097523093224,2.4107898268848658,0.032768567945118565,0.1895094187088102
246,0.8638753294944763,-0.0019851303659379482,0.8658604598604143,3.403660535812378,0.025964314118027687,3.3776962216943502,0.03200421384722091,0.18732504018170845
247,0.8685978651046753,-0.001891833497211337,0.8704896986018866,3.142821788787842,0.08366328477859497,3.059158504009247,0.03125637922332633,0.18511934691476079
248,0.8726966977119446,-0.0020999289117753506,0.8747966266237199,2.6829638481140137,-0.18981587886810303,2.8727797269821167,0.030524770491187986,0.18289408031921353
249,0.876415491104126,-0.0022035480942577124,0.8786190391983837,2.427220582962036,-0.1237054169178009,2.550925999879837,0.02980909610372917,0.18065098257879744
250,0.8799874186515808,-0.002198934555053711,0.8821863532066345,2.439526081085205,0.020913345739245415,2.4186127353459597,0.02910906671930072,0.17839179218051796
251,0.8839422464370728,-0.002320196945220232,0.886262443382293,3.8823482990264893,-0.18038269877433777,4.062730997800827,0.028424395359516158,0.17611823965366002
252,0.888555109500885,-0.0024477511178702116,0.8910028606187552,3.037095308303833,-0.11501047760248184,3.152105785906315,0.02775479755519797,0.17383204352549053
253,0.8925555348396301,-0.0024655936285853386,0.8950211284682155,2.6076416969299316,0.016083266586065292,2.5915584303438663,0.02709999148095507,0.1715349065002738
254,0.8962210416793823,-0.002638718578964472,0.8988597602583468,2.398017168045044,-0.19155128300189972,2.5895684510469437,0.026459698078898947,0.16922851186645055
255,0.8998312950134277,-0.0028717454988509417,0.9027030405122787,2.5084645748138428,-0.2799830734729767,2.7884476482868195,0.025833641171991106,0.16691452013517222
256,0.9041213989257812,-0.003016739385202527,0.9071381383109838,3.9578330516815186,-0.07719192653894424,4.035024978220463,0.025221547567502,0.1645945659118362
257,0.9085766673088074,-0.0030416331719607115,0.9116183004807681,2.9255571365356445,-0.3945149779319763,3.320072114467621,0.024623147151046326,0.16227025500083336
258,0.912469744682312,-0.0032707215286791325,0.9157404662109911,2.5284180641174316,-0.18408410251140594,2.7125021666288376,0.024038172971646204,0.15994316174240464
259,0.9160762429237366,-0.0034670864697545767,0.9195433293934911,2.3904144763946533,-0.17312538623809814,2.5635398626327515,0.02346636131825977,0.15761482657929948
260,0.9197260141372681,-0.003556240117177367,0.9232822542544454,2.5498621463775635,-0.10820239782333374,2.658064544200897,0.022907451788197808,0.1552867538498433
261,0.924370527267456,-0.0037848895881325006,0.9281554168555886,3.5240705013275146,-0.24377493560314178,3.7678454369306564,0.02236118734783793,0.1529604098030457
262,0.9286902546882629,-0.003870293963700533,0.9325605486519635,2.8324196338653564,-0.04940821975469589,2.8818278536200523,0.021827314386031554,0.15063722083051662
263,0.9324918985366821,-0.004017706029117107,0.9365096045657992,2.450188398361206,-0.3445981740951538,2.79478657245636,0.021305582760584557,0.1483185719091983
264,0.9360336065292358,-0.004235163331031799,0.9402687698602676,2.359309434890747,-0.16918079555034637,2.5284902304410934,0.020795745838180085,0.14600580524826387
265,0.9396812319755554,-0.004445649683475494,0.9441268816590309,2.556135654449463,-0.23725725710391998,2.793392911553383,0.020297560528096975,0.14370021913297312
266,0.944486677646637,-0.004573129583150148,0.9490598072297871,3.3541250228881836,-0.08155600726604462,3.435681030154228,0.019810787310065497,0.14140306695780896
267,0.9487103819847107,-0.004790212027728558,0.9535005940124393,2.7426905632019043,-0.2899479568004608,3.032638520002365,0.019335190256588086,0.13911555644083656
268,0.9524316787719727,-0.004939449951052666,0.9573711287230253,2.3906338214874268,-0.13676835596561432,2.527402177453041,0.01887053705004052,0.1368388490109283
269,0.9559394717216492,-0.005181475542485714,0.9611209472641349,2.366824150085449,-0.24725192785263062,2.61407607793808,0.018416598994855926,0.1345740593592734
270,0.9599734544754028,-0.005319303832948208,0.965292758308351,4.012530326843262,-0.08055037260055542,4.093080699443817,0.017973151025082817,0.13232225514643922
271,0.9644700884819031,-0.005458255298435688,0.9699283437803388,2.9182393550872803,-0.34898802638053894,3.267227381467819,0.017539971707594998,0.1300844568561601
272,0.9683342576026917,-0.005636934190988541,0.9739711917936802,2.4910078048706055,-0.1280331164598465,2.619040921330452,0.017116843241221036,0.1278616377870019
273,0.9719057679176331,-0.005911066196858883,0.9778168341144919,2.385174512863159,-0.22675572335720062,2.61193023622036,0.016703551452048354,0.12565472417307266
274,0.9755690693855286,-0.0060369595885276794,0.9816060289740562,2.5680484771728516,-0.08054600656032562,2.648594483733177,0.016299885785147017,0.12346459542502208
275,0.980405867099762,-0.006258582696318626,0.9866644497960806,3.3703513145446777,-0.2946493923664093,3.665000706911087,0.015905639292946666,0.12129208448268688
276,0.9846203923225403,-0.006407544482499361,0.9910279368050396,2.719322681427002,-0.1487782597541809,2.868100941181183,0.015520608620490678,0.11913797827089279
277,0.9883081912994385,-0.006716093979775906,0.9950242852792144,2.36075758934021,-0.2097776234149933,2.5705352127552032,0.01514459398778037,0.11700301825010911
278,0.9918033480644226,-0.0070151109248399734,0.9988184589892626,2.3781890869140625,-0.24700696766376495,2.6251960545778275,0.014777399169413369,0.11488790105386804
279,0.9958698749542236,-0.007191913202404976,1.0030617881566286,4.072715759277344,-0.14994803071022034,4.222663789987564,0.014418831471710192,0.1127932792051003
280,1.0003851652145386,-0.007322551682591438,1.00770771689713,2.9149441719055176,-0.354896605014801,3.2698407769203186,0.01406870170751398,0.1107197619037997
281,1.0042306184768677,-0.0075906747952103615,1.011821293272078,2.4737091064453125,-0.184833824634552,2.6585429310798645,0.013726824168839996,0.10866791587870722
282,1.0077885389328003,-0.007864884100854397,1.0156534230336547,2.388432741165161,-0.1861598640680313,2.5745926052331924,0.013393016597542023,0.10663826629599651
283,1.0115493535995483,-0.008055353537201881,1.0196047071367502,3.4279918670654297,-0.12997189164161682,3.5579637587070465,0.01306710015415588,0.10463129771824559
284,1.0163183212280273,-0.008249916136264801,1.0245682373642921,3.1117002964019775,-0.24830110371112823,3.3600014001131058,0.0127488993850709,0.10264745510728893
285,1.0203074216842651,-0.008515160530805588,1.0288225822150707,2.554840326309204,-0.17306232452392578,2.72790265083313,0.012438242188173992,0.10068714486485947
286,1.023895263671875,-0.008792025037109852,1.0326872887089849,2.3511605262756348,-0.1797402948141098,2.5309008210897446,0.012134959777102272,0.19542394997153104
287,1.027498483657837,-0.009040859527885914,1.0365393431857228,2.5198826789855957,-0.18536490201950073,2.7052475810050964,0.011838886644234353,0.19330750794337823
288,1.032047152519226,-0.009327634237706661,1.0413747867569327,3.1742746829986572,-0.18065322935581207,3.3549279123544693,0.011549860522542449,0.19116497946063327
289,1.0360932350158691,-0.009576942771673203,1.0456701777875423,2.5940959453582764,-0.06687035411596298,2.6609662994742393,0.011267722346422204,0.18899807894769766
290,1.0396708250045776,-0.009785058908164501,1.0494558839127421,2.2799153327941895,-0.09918341785669327,2.3790987506508827,0.010992316211609593,0.18680853494872024
291,1.0428228378295898,-0.00992369931191206,1.052746537141502,2.175091028213501,-0.2758687138557434,2.4509597420692444,0.010723489334289182,0.18459808514333828
292,1.0463664531707764,-0.010213845409452915,1.0565802985802293,3.5188159942626953,-0.1810350865125656,3.699851080775261,0.010461092009492107,0.1823684715367227
293,1.0501116514205933,-0.010481569916009903,1.0605932213366032,2.408724069595337,-0.15365241467952728,2.562376484274864,0.010204977568875867,0.1801214358380293
294,1.053348422050476,-0.010761698707938194,1.0641101207584143,2.065946340560913,-0.16823294758796692,2.23417928814888,0.009955002337974167,0.17785871503925657
295,1.0561480522155762,-0.011028699576854706,1.0671767517924309,1.8767212629318237,-0.1617354154586792,2.038456678390503,0.009711025592998579,0.17558203720448443
296,1.0587821006774902,-0.011313569732010365,1.0700956704095006,1.869859218597412,-0.16729086637496948,2.0371500849723816,0.009472909517269729,0.20392251698451816
297,1.0621219873428345,-0.011572177521884441,1.073694164864719,2.617927312850952,-0.16487529873847961,2.7828026115894318,0.00924051915735108,0.22112616674038335
298,1.0653316974639893,-0.011834627948701382,1.0771663254126906,2.0719447135925293,-0.07139142602682114,2.1433361396193504,0.00901372237895362,0.2195252372476938
299,1.0680878162384033,-0.012075579725205898,1.0801633959636092,1.7397875785827637,-0.15312178432941437,1.892909362912178,0.008792389822676022,0.21787890623266662
300,1.070435643196106,-0.01219109259545803,1.082626735791564,1.553566336631775,-0.12175644934177399,1.675322785973549,0.008576394859640124,0.21618813959644018
301,1.0726085901260376,-0.01248048897832632,1.085089079104364,1.5472028255462646,-0.17141187191009521,1.7186146974563599,0.00836561354707871,0.21445399146720998
302,1.0751713514328003,-0.012734775431454182,1.0879061268642545,2.7038259506225586,-0.15740036964416504,2.8612263202667236,0.008159924583928058,0.21267759940542488
303,1.0779528617858887,-0.013009767048060894,1.0909626288339496,1.8016787767410278,-0.16290560364723206,1.9645843803882599,0.007959209266474615,0.2108601793766663
304,1.08035147190094,-0.01326711941510439,1.0936185913160443,1.5123010873794556,-0.14812372624874115,1.6604248136281967,0.007763351444102035,0.22537329685415952
305,1.0823737382888794,-0.013538331724703312,1.0959120700135827,1.2970699071884155,-0.16537627577781677,1.4624461829662323,0.00757223747518096,0.22390425988045815
306,1.0841513872146606,-0.013792972080409527,1.0979443592950702,1.2478930950164795,-0.14881421625614166,1.3967073112726212,0.007385756183142189,0.2223876176506045
307,1.0858776569366455,-0.01406162977218628,1.0999392867088318,1.2309446334838867,-0.16084402799606323,1.39178866147995,0.007203798812769224,0.22082406507101796
308,1.0876133441925049,-0.01431310549378395,1.1019264496862888,1.8199131488800049,-0.16067516803741455,1.9805883169174194,0.007026258986745554,0.21921439715562852
309,1.0900167226791382,-0.014592882245779037,1.1046096049249172,1.5615814924240112,-0.15113146603107452,1.7127129584550858,0.006853032662487546,0.21755950509929153
310,1.092119812965393,-0.014849319122731686,1.1069691320881248,1.3351902961730957,-0.14753542840480804,1.4827257245779037,0.006684018089292781,0.21586037200568942
311,1.0938879251480103,-0.015116536058485508,1.1090044612064958,1.1058756113052368,-0.16104213893413544,1.2669177502393723,0.006519115765830585,0.22844588329441443
312,1.0953598022460938,-0.015366826206445694,1.1107266284525394,0.9517539143562317,-0.1437240093946457,1.0954779237508774,0.0063582283979996546,0.22708391235966627
313,1.096662998199463,-0.015634361654520035,1.112297359853983,0.9288462400436401,-0.16396670043468475,1.092812940478325,0.006201260857175178,0.2256731732137567
314,1.0979290008544922,-0.015884915366768837,1.113813916221261,0.9060645699501038,-0.1548125296831131,1.0608770996332169,0.006048120138866825,0.2242141277634637
315,1.0991452932357788,-0.016143975779414177,1.115289269015193,0.8618431091308594,-0.07030721753835678,0.9321503266692162,0.005898715321805775,0.2227073452747112
316,1.1003044843673706,-0.016420820727944374,1.116725305095315,0.825233519077301,-0.1294618844985962,0.9546954035758972,0.005752957527478425,0.22115349934781847
317,1.1018717288970947,-0.016698338091373444,1.1185700669884682,1.6850340366363525,-0.14884382486343384,1.8338778614997864,0.005610759880121913,0.21955336446116017
318,1.1035749912261963,-0.016973108053207397,1.1205480992794037,1.1444175243377686,-0.1577313393354416,1.3021488636732101,0.005472037467195545,0.2179078121215463
319,1.1050585508346558,-0.017223838716745377,1.1222823895514011,0.9303612112998962,-0.13683010637760162,1.0671913176774979,0.005336707300340526,0.21621780666077306
320,1.106278896331787,-0.01748913899064064,1.1237680353224277,0.7569931745529175,-0.15901650488376617,0.9160096794366837,0.005204688276838759,0.21448440071848368
321,1.107269048690796,-0.01773674041032791,1.1250057891011238,0.6343116164207458,-0.13125281035900116,0.765564426779747,0.00507590114158088,0.21270873045174432
322,1.108108401298523,-0.017998183146119118,1.126106584444642,0.5907530784606934,-0.16017651557922363,0.750929594039917,0.004950268449551348,0.21089201051160733
323,1.1089006662368774,-0.018243910744786263,1.1271445769816637,0.5790879726409912,-0.1333594024181366,0.7124473750591278,0.0048277145288385115,0.20903552882644552
324,1.1096577644348145,-0.018503637984395027,1.1281614024192095,0.5484631061553955,-0.16020146012306213,0.7086645662784576,0.004708165444175488,0.20714064123101758
325,1.1103705167770386,-0.018746240064501762,1.1291167568415403,0.5159289240837097,-0.1395845264196396,0.6555134505033493,0.0045915489610169335,0.2052087659791152
326,1.111038088798523,-0.01899607852101326,1.1300341673195362,0.48399069905281067,-0.07200808078050613,0.5559987798333168,0.00447779451015623,0.2032413781762717
327,1.1116629838943481,-0.019274000078439713,1.1309369839727879,0.45465460419654846,-0.13932323455810547,0.5939778387546539,0.00436683315288619,0.20124000416742255
328,1.1122468709945679,-0.019551891833543777,1.1317987628281116,0.4252319931983948,-0.14753130078315735,0.5727632939815521,0.004258597546705517,0.19920621591263
329,1.1127911806106567,-0.019824879243969917,1.1326160598546267,0.39881089329719543,-0.15390212833881378,0.5527130216360092,0.0041530219115732125,0.19714162538205524
330,1.1132965087890625,-0.020070195198059082,1.1333667039871216,0.37252047657966614,-0.13106337189674377,0.5035838484764099,0.004050041996711218,0.1950478789993109
331,1.1137653589248657,-0.02032759226858616,1.1340929511934519,0.34693706035614014,-0.15305443108081818,0.4999914914369583,0.003949595047955917,0.19292665216018642
332,1.1141999959945679,-0.02059435285627842,1.1347943488508463,0.32655200362205505,-0.14934740960597992,0.475899413228035,0.0038516197756578163,0.1907796438515377
333,1.1146020889282227,-0.02081897482275963,1.1354210637509823,0.2973964214324951,-0.14331278204917908,0.4407092034816742,0.003756056323128698,0.18860857139289722
334,1.114973545074463,-0.02107737772166729,1.1360509227961302,0.2795046865940094,-0.13339975476264954,0.41290444135665894,0.0036628462356341762,0.18641516532111413
335,1.1153181791305542,-0.02133045345544815,1.1366486325860023,0.26016566157341003,-0.12271670997142792,0.38288237154483795,0.003571932429929897,0.18420116443610113
336,1.1156333684921265,-0.021580800414085388,1.1372141689062119,0.23840613663196564,-0.14787708222866058,0.3862832188606262,0.003483259164338809,0.18196831102356176
337,1.116455078125,-0.021843070164322853,1.1382981482893229,0.5045458674430847,-0.14678210020065308,0.6513279676437378,0.003396772009366028,0.17971834626841915
338,1.1171804666519165,-0.022069968283176422,1.139250434935093,0.49755871295928955,-0.13416717946529388,0.6317258924245834,0.003312417818848473,0.17745300587057994
339,1.1178170442581177,-0.022375132888555527,1.1401921771466732,0.4197814464569092,-0.12640993297100067,0.5461913794279099,0.0032301447016348794,0.1751740158726534
340,1.1183420419692993,-0.022629396989941597,1.140971438959241,0.33686304092407227,-0.11324038356542587,0.45010342448949814,0.0031499019937923922,0.17288308870732608
341,1.1187556982040405,-0.0228798259049654,1.141635524109006,0.2645394504070282,-0.13895919919013977,0.40349864959716797,0.00307164023133491,0.1705819194702633
342,1.1190729141235352,-0.023141195997595787,1.142214110121131,0.20730489492416382,-0.14827024936676025,0.3555751442909241,0.0029953111234687635,0.1682721824226899
343,1.1193130016326904,-0.023397544398903847,1.1427105460315943,0.1634858101606369,-0.06662017852067947,0.23010598868131638,0.0029208675263502903,0.1659555277261875
344,1.1194994449615479,-0.02367529831826687,1.1431747432798147,0.13719041645526886,-0.14256508648395538,0.27975550293922424,0.0028482634173502552,0.1636335784107475
345,1.1196497678756714,-0.023938003927469254,1.1435877718031406,0.11909510940313339,-0.13242866098880768,0.25152377039194107,0.002777453869819535,0.1613079275757333
346,1.1197798252105713,-0.024197937920689583,1.1439777631312609,0.11311634629964828,-0.14263324439525604,0.2557495906949043,0.00270839502835013,0.1953247725913198
347,1.1198995113372803,-0.02445376291871071,1.144353274255991,0.10986683517694473,-0.0686369389295578,0.17850377410650253,0.002641044084526062,0.19320706236209728
348,1.1200162172317505,-0.024737153202295303,1.1447533704340458,0.11265689134597778,-0.15110117197036743,0.2637580633163452,0.0025753592531575775,0.19106334611996698
349,1.1201308965682983,-0.025010712444782257,1.1451416090130806,0.10872164368629456,-0.1461353749036789,0.25485701858997345,0.00251129974899289,0.1888953390694025
350,1.1202466487884521,-0.025280021131038666,1.1455266699194908,0.11064508557319641,-0.14846421778202057,0.259109303355217,0.0024488257639007915,0.18670477029593602
351,1.1203641891479492,-0.02553887665271759,1.1459030658006668,0.11507898569107056,-0.140094593167305,0.25517357885837555,0.0023878984445179496,0.18449337778976907
352,1.1204798221588135,-0.025828037410974503,1.146307859569788,0.10762634873390198,-0.14652951061725616,0.25415585935115814,0.002328479870354283,0.18226290364440095
353,1.120591640472412,-0.026097387075424194,1.1466890275478363,0.10527285933494568,-0.13752809166908264,0.24280095100402832,0.002270533032349753,0.1800150894442757
354,1.1207008361816406,-0.02636082097887993,1.1470616571605206,0.10624410957098007,-0.14052021503448486,0.24676432460546494,0.002214021811876049,0.17775167185335053
355,1.1208033561706543,-0.02661820873618126,1.1474215649068356,0.0956365242600441,-0.19049659371376038,0.2861331179738045,0.002158910960176147,0.1754743784144671
356,1.12090003490448,-0.026915453374385834,1.1478154882788658,0.09861745685338974,-0.12348946928977966,0.2221069261431694,0.002105166078235521,0.17318492356747178
357,1.1209889650344849,-0.027158422395586967,1.1481473874300718,0.08647694438695908,-0.1226581409573555,0.20913508534431458,0.002052753597077517,0.17088500489219186
358,1.1210713386535645,-0.0274131428450346,1.148484481498599,0.08283214271068573,-0.13297487795352936,0.2158070206642151,0.0020016407584767526,0.1685762995806389
359,1.1211451292037964,-0.027677353471517563,1.148822482675314,0.07471105456352234,-0.13410918414592743,0.20882023870944977,0.0019517955960831335,0.16626046114118387
360,1.1212046146392822,-0.027950499206781387,1.1491551138460636,0.06101560220122337,-0.14581021666526794,0.20682581886649132,0.0019031869169501558,0.1639391163359321
361,1.1212432384490967,-0.0281977541744709,1.1494409926235676,0.046186722815036774,-0.11897531896829605,0.16516204178333282,0.001855784283460421,0.16161386235112868
362,1.121260404586792,-0.028451677411794662,1.1497120819985867,0.02954087033867836,-0.20308737456798553,0.2326282449066639,0.001809557995641281,0.15928626419913783
363,1.1212555170059204,-0.028734393417835236,1.1499899104237556,0.017924310639500618,-0.12110570073127747,0.13903001137077808,0.0017644790738646776,0.15695785234937243
364,1.1212290525436401,-0.02900303527712822,1.1502320878207684,-0.0003189442213624716,-0.1499456763267517,0.14962673210538924,0.0017205192419233184,0.15463012058449366
365,1.1211822032928467,-0.02925379015505314,1.1504359934478998,-0.012620227411389351,-0.13912160694599152,0.12650137953460217,0.0016776509104773907,0.15230452407725806
366,1.121114730834961,-0.029517965391278267,1.1506326962262392,-0.025917328894138336,-0.2029961198568344,0.17707879096269608,0.0016358471608645953,0.14998247768255407
367,1.1210275888442993,-0.029803317040205002,1.1508309058845043,-0.03961021453142166,-0.12169234454631805,0.08208213001489639,0.001595081729267006,0.1476653544384406
368,1.1209220886230469,-0.03006964735686779,1.1509917359799147,-0.04980127140879631,-0.1232195794582367,0.07341830804944038,0.001555328991228233,0.1453544842693704
369,1.120796799659729,-0.030351925641298294,1.1511487253010273,-0.06810833513736725,-0.1478688269853592,0.07976049184799194,0.0015165639465141711,0.14305115288424863
370,1.1206529140472412,-0.03060806356370449,1.1512609776109457,-0.08073639124631882,-0.11850544810295105,0.03776905685663223,0.0014787622043111182,0.1407566008615329
371,1.1204921007156372,-0.030904633924365044,1.1513967346400023,-0.09481941908597946,-0.1197652593255043,0.02494584023952484,0.0014418999687544898,0.1384720229132253
372,1.1203135251998901,-0.031175563111901283,1.1514890883117914,-0.09843559563159943,-0.13938242197036743,0.040946826338768005,0.0014059540247821356,0.13619856731932825
373,1.1201179027557373,-0.03145056590437889,1.1515684686601162,-0.11401236057281494,-0.1540193110704422,0.04000695049762726,0.0013709017243055954,0.13393733552413403
374,1.119905948638916,-0.03169664368033409,1.15160259231925,-0.1285170614719391,-0.19052796065807343,0.06201089918613434,0.0013367209726934393,0.13168938188558194
375,1.119678020477295,-0.03197590634226799,1.151653926819563,-0.13151416182518005,-0.11848842352628708,-0.013025738298892975,0.001303390215560224,0.17758958351595425
376,1.1195069551467896,-0.0322541669011116,1.1517611220479012,-0.14046303927898407,-0.178388774394989,0.037925735116004944,0.0012708884258552378,0.17531136549765072
377,1.1192387342453003,-0.03253507241606712,1.1517738066613674,-0.1517598181962967,-0.11653317511081696,-0.035226643085479736,0.0012391950912448435,0.17302110782729493
378,1.1189647912979126,-0.032821912318468094,1.1517867036163807,-0.16263823211193085,-0.16514518857002258,0.002506956458091736,0.0012082902017825359,0.17072050674382916
379,1.1187502145767212,-0.03306512162089348,1.1518153361976147,-0.16894204914569855,-0.15754175186157227,-0.011400297284126282,0.0011781542378610788,0.16841123785545103
380,1.1184372901916504,-0.033349182456731796,1.1517864726483822,-0.18454895913600922,-0.11625557392835617,-0.06829338520765305,0.0011487681584405052,0.16609495286040799
381,1.1181212663650513,-0.03362768143415451,1.1517489477992058,-0.19847819209098816,-0.15784409642219543,-0.040634095668792725,0.001120113389546873,0.16377327650102508
382,1.1178544759750366,-0.033902719616889954,1.1517571955919266,-0.2757967412471771,-0.15639305114746094,-0.11940369009971619,0.0010921718130356695,0.16144780375070045
383,1.1175079345703125,-0.03420095518231392,1.1517088897526264,-0.2152855098247528,-0.11849751323461533,-0.09678799659013748,0.001064925755614704,0.15912009723232434
384,1.1172301769256592,-0.034455928951501846,1.151686105877161,-0.13520769774913788,-0.12972263991832733,-0.005485057830810547,0.0010383579781207963,0.15679168486541975
385,1.1168543100357056,-0.034722644835710526,1.151576954871416,-0.2338416874408722,-0.13883687555789948,-0.09500481188297272,0.0010124516650450721,0.15446405773825322
386,1.1164741516113281,-0.03499729931354523,1.1514714509248734,-0.24285438656806946,-0.17529793083667755,-0.0675564557313919,0.0009871904143016752,0.1521386682002297
387,1.116142988204956,-0.035287197679281235,1.1514301858842373,-0.323190301656723,-0.11626680940389633,-0.2069234922528267,0.0009625582272344835,0.18982047452682296
388,1.1157400608062744,-0.03559199720621109,1.1513320580124855,-0.2561846077442169,-0.157524973154068,-0.09865963459014893,0.0009385394988568607,0.1876392915769199
389,1.115399956703186,-0.03583305701613426,1.1512330137193203,-0.31984400749206543,-0.11707811802625656,-0.20276588946580887,0.0009151190083195315,0.18543654477141713
390,1.1149688959121704,-0.0361185260117054,1.1510874219238758,-0.2617269456386566,-0.11396167427301407,-0.14776527136564255,0.0008922819096015555,0.18321397503323988
391,1.114615797996521,-0.036397065967321396,1.1510128639638424,-0.27604055404663086,-0.13497674465179443,-0.14106380939483643,0.0008700137224195437,0.1809733247144562
392,1.1141618490219116,-0.036704376339912415,1.150866225361824,-0.28086382150650024,-0.15715986490249634,-0.1237039566040039,0.0008483003233503705,0.17871633309804968
393,1.1137899160385132,-0.03699763864278793,1.1507875546813011,-0.29136282205581665,-0.15118224918842316,-0.1401805728673935,0.0008271279371628859,0.20581567786870225
394,1.1133172512054443,-0.03725278750061989,1.1505700387060642,-0.29665055871009827,-0.06438355147838593,-0.23226700723171234,0.0008064831283537133,0.2038592136352966
395,1.1129282712936401,-0.03753378614783287,1.150462057441473,-0.3046094477176666,-0.1517077386379242,-0.15290170907974243,0.0007863527928831382,0.20186828159084813
396,1.1124404668807983,-0.03782647103071213,1.1502669379115105,-0.3022168278694153,-0.1681249439716339,-0.13409188389778137,0.0007667241501059796,0.19984444006002508
397,1.1120333671569824,-0.03811982646584511,1.1501531936228275,-0.3637346625328064,-0.15646103024482727,-0.20727363228797913,0.000747584734893697,0.19778928912331967
398,1.1115347146987915,-0.0384245365858078,1.1499592512845993,-0.30301931500434875,-0.1477011740207672,-0.15531814098358154,0.0007289223899434316,0.19570446504229905
399,1.1111241579055786,-0.03873245790600777,1.1498566158115864,-0.3062940835952759,-0.16657182574272156,-0.13972225785255432,0.0007107252582693735,0.19359163475203744
400,1.1106148958206177,-0.03897222876548767,1.1495871245861053,-0.30696845054626465,-0.13198897242546082,-0.17497947812080383,0.0006929817758727363,0.191452490446213
401,1.1101964712142944,-0.039259444922208786,1.1494559161365032,-0.30597159266471863,-0.14392825961112976,-0.16204333305358887,0.00067568066458637,0.18928874427812517
402,1.1096786260604858,-0.039556603878736496,1.1492352299392223,-0.3105829954147339,-0.16953879594802856,-0.14104419946670532,0.00065881092508982,0.21221752527649163
403,1.1091631650924683,-0.03985030576586723,1.1490134708583355,-0.306246817111969,-0.16615808010101318,-0.1400887370109558,0.0006423618300910594,0.21038983598700398
404,1.108725905418396,-0.04015845060348511,1.148884356021881,-0.37594711780548096,-0.1721598356962204,-0.20378728210926056,0.000626322917671368,0.20852274803781587
405,1.1082020998001099,-0.04047220200300217,1.148674301803112,-0.3052768111228943,-0.1822481006383896,-0.1230287104845047,0.0006106839847891121,0.20661763482661474
406,1.1077663898468018,-0.040729451924562454,1.1484958417713642,-0.35528671741485596,-0.19886352121829987,-0.1564231961965561,0.0005954350809395104,0.2046759306589533
407,1.1072378158569336,-0.0410226434469223,1.148260459303856,-0.29384317994117737,-0.16647186875343323,-0.12737131118774414,0.0005805665019661399,0.20269912516529076
408,1.1067947149276733,-0.04133132845163345,1.1481260433793068,-0.3593151867389679,-0.17719127237796783,-0.18212391436100006,0.0005660687840211287,0.20068875768219574
409,1.1063377857208252,-0.04164109006524086,1.147978875786066,-0.028120677918195724,-0.17381803691387177,0.14569735899567604,0.0005519326976705097,0.19864641163031002
410,1.1058704853057861,-0.041943371295928955,1.147813856601715,-0.10036252439022064,-0.16828492283821106,0.06792239844799042,0.0005381492421412948,0.1965737089197095
411,1.1053886413574219,-0.04216650500893593,1.1475551463663578,-0.397159606218338,-0.17202070355415344,-0.22513890266418457,0.000524709639707216,0.1944723044112179
412,1.1049425601959229,-0.042479220777750015,1.1474217809736729,-0.37218403816223145,-0.18142250180244446,-0.190761536359787,0.0005116053302096635,0.19234388046007186
413,1.104475736618042,-0.042770396918058395,1.1472461335361004,-0.08214277029037476,-0.1567380726337433,0.07459530234336853,0.0004988279657109351,0.19019014156612135
414,1.1039525270462036,-0.04296969622373581,1.1469222232699394,-0.32542699575424194,-0.15880724787712097,-0.16661974787712097,0.00048636940527652106,0.18801280915250934
415,1.1035257577896118,-0.043270472437143326,1.1467962302267551,-0.36232444643974304,-0.16967232525348663,-0.1926521211862564,0.00047422170988351,0.18581361649252925
416,1.1031262874603271,-0.04345077648758888,1.146577063947916,-0.2718518078327179,-0.07839947193861008,-0.19345233589410782,0.00046237713745225784,0.18359430380213312
417,1.1026848554611206,-0.04374447837471962,1.1464293338358402,-0.11234593391418457,-0.17002002894878387,0.057674095034599304,0.0004508281379982937,0.181356613513371
418,1.1022921800613403,-0.043908677995204926,1.1462008580565453,-0.1730082780122757,-0.14292393624782562,-0.030084341764450073,0.00043956734890168714,0.17910228574190762
419,1.1019349098205566,-0.04419083520770073,1.1461257450282574,-0.18960042297840118,-0.13690215349197388,-0.05269826948642731,0.0004285875902912406,0.17683305395969157
420,1.101608157157898,-0.04434522986412048,1.1459533870220184,-0.10732081532478333,-0.16721999645233154,0.05989918112754822,0.0004178818605406198,0.17455064088186656
421,1.1012674570083618,-0.04452300816774368,1.1457904651761055,-0.15933875739574432,0.11026475578546524,-0.26960351318120956,0.00040744333187392456,0.1722567545751144
422,1.1009811162948608,-0.04470699653029442,1.1456881128251553,-0.25111642479896545,0.19614621996879578,-0.44726264476776123,0.0003972653460781461,0.22111625980385152
423,1.1007343530654907,-0.044912002980709076,1.1456463560461998,-0.2585839033126831,-0.06000290438532829,-0.1985809989273548,0.00038734141031976366,0.21951504246382475
424,1.1005451679229736,-0.045034781098365784,1.1455799490213394,-0.1899878978729248,-0.18922777473926544,-0.0007601231336593628,0.0003776651930633701,0.21786842938052484
425,1.10040283203125,-0.04526373744010925,1.1456665694713593,-0.01650974154472351,-0.09117664396762848,0.07466690242290497,0.0003682305200895519,0.2161773870233795
426,1.100302815437317,-0.04534446820616722,1.1456472836434841,0.08055112510919571,-0.16682849824428558,0.2473796233534813,0.00035903137061002455,0.21444297005958046
427,1.100284457206726,-0.0454707033932209,1.145755160599947,-0.062044691294431686,0.2612004578113556,-0.3232451491057873,0.0003500618734773031,0.21266631655769597
428,1.1003135442733765,-0.045651379972696304,1.1459649242460728,0.35734742879867554,-0.165937140583992,0.5232845693826675,0.000341316303487077,0.2108486429592178
429,1.100376009941101,-0.0456777922809124,1.1460538022220135,0.24624350666999817,-0.12140671163797379,0.36765021830797195,0.00033278907777081757,0.20899123885780843
430,1.1005001068115234,-0.04573094844818115,1.1462310552597046,0.36465269327163696,0.15982680022716522,0.20482589304447174,0.0003244747522765379,0.20709546162518777
431,1.1006842851638794,-0.04581638053059578,1.1465006656944752,0.377130389213562,0.3465908169746399,0.03053957223892212,0.0003163680183355666,0.20516273092147863
432,1.1009048223495483,-0.04586710408329964,1.146771926432848,0.37316226959228516,-0.14841915667057037,0.5215814262628555,0.0003084636993134493,0.20319452312645667
433,1.10111665725708,-0.04576115310192108,1.1468778103590012,0.3829997479915619,-0.04488832876086235,0.42788807675242424,0.0003007567473426731,0.2011923657265549
434,1.1013062000274658,-0.045729171484708786,1.1470353715121746,0.3536003530025482,0.35177597403526306,0.0018243789672851562,0.00029324224013549394,0.19915783169069118
435,1.101024866104126,-0.04567163810133934,1.1466965042054653,0.18987753987312317,0.4502599835395813,-0.26038244366645813,0.00028591537787495125,0.197092533866055
436,1.1016534566879272,-0.04558591917157173,1.147239375859499,1.0121674537658691,0.11512966454029083,0.8970377892255783,0.0002787714801818497,0.19499811942293635
437,1.102088451385498,-0.04534899815917015,1.1474374495446682,0.0027796674985438585,0.061297573149204254,-0.058517905650660396,0.00027180598315648674,0.1928762643755387
438,1.102243423461914,-0.045115355402231216,1.1473587788641453,0.4209030568599701,0.3466660976409912,0.07423695921897888,0.00026501443649271095,0.19072866820351408
439,1.102363109588623,-0.04488367214798927,1.1472467817366123,0.3202771246433258,0.28996434807777405,0.030312776565551758,0.00025839250066286845,0.18855704859672412
440,1.1024770736694336,-0.04456900432705879,1.1470460779964924,0.37392956018447876,0.21235017478466034,0.16157938539981842,0.00025193594417219356,0.1863631363434835
441,1.102539300918579,-0.044217851012945175,1.1467571519315243,0.2433495819568634,0.35748353600502014,-0.11413395404815674,0.0002456406408801737,0.1841486703803097
442,1.1025776863098145,-0.043881092220544815,1.1464587785303593,0.21556156873703003,0.33703091740608215,-0.12146934866905212,0.0002395025673882223,0.18191539301900186
443,1.1022869348526,-0.04347633942961693,1.145763274282217,0.33086687326431274,0.5596590042114258,-0.22879213094711304,0.0002335178004914118,0.1796650453647199
444,1.1023180484771729,-0.04285312071442604,1.145171169191599,0.12091392278671265,0.6091219186782837,-0.48820799589157104,0.00022768251469287848,0.1773993629366476
445,1.1022744178771973,-0.04225868359208107,1.1445331014692783,0.20986129343509674,0.6456699371337891,-0.4358086436986923,0.00022199297977948396,0.20501996013707213
446,1.1022502183914185,-0.0417969636619091,1.1440471820533276,0.17447416484355927,0.44110801815986633,-0.26663385331630707,0.0002164455584572622,0.2030492169031232
447,1.102236270904541,-0.04092739149928093,1.143163662403822,0.35079720616340637,1.011289358139038,-0.6604921519756317,0.00021103670404484798,0.201044637638007
448,1.1021530628204346,-0.040029577910900116,1.1421826407313347,0.16427449882030487,0.8376027941703796,-0.6733282953500748,0.0002057629582241094,0.21936921140446142
449,1.1022051572799683,-0.039292678236961365,1.1414978355169296,0.18996702134609222,0.6889138221740723,-0.49894680082798004,0.00020062094884593096,0.21771857305514697
450,1.1019184589385986,-0.03851631283760071,1.1404347717761993,0.5704318881034851,0.806849479675293,-0.23641759157180786,0.00019560738779025866,0.21602359648504396
451,1.1018403768539429,-0.03775083273649216,1.139591209590435,0.594268798828125,0.8669703006744385,-0.2727015018463135,0.00019071906887904722,0.21428534404039756
452,1.101742148399353,-0.03701933100819588,1.138761479407549,-0.3346605896949768,0.8154349327087402,-1.150095522403717,0.00018595286584041637,0.21250496102674998
453,1.1016701459884644,-0.03649519756436348,1.1381653435528278,0.389916330575943,0.2670653164386749,0.12285101413726807,0.00018130573032329456,0.21068367066162835
454,1.1014572381973267,-0.035893045365810394,1.137350283563137,-0.3023688793182373,0.7167593836784363,-1.0191282629966736,0.00017677468996110668,0.20882276883846396
455,1.1014084815979004,-0.035246144980192184,1.1366546265780926,-0.537969172000885,0.7511875629425049,-1.28915673494339,0.00017235684648317373,0.20692361874059134
456,1.1011675596237183,-0.034587256610393524,1.1357548162341118,0.6069145202636719,0.6876030564308167,-0.08068853616714478,0.00016804937387288055,0.2049876453430355
457,1.100877285003662,-0.03390848636627197,1.134785771369934,-0.3622681498527527,0.6122881770133972,-0.9745563268661499,0.00016384951657122393,0.2030163298383961
458,1.1004801988601685,-0.033335525542497635,1.133815724402666,1.2638462781906128,0.6195032596588135,0.6443430185317993,0.00015975458772499174,0.22057264823680303
459,1.1001105308532715,-0.03272353485226631,1.1328340657055378,-0.1443222314119339,0.6085812449455261,-0.75290347635746,0.0001557619674781019,0.2189557693564485
460,1.0995056629180908,-0.03219187632203102,1.1316975392401218,0.19533701241016388,0.5905359387397766,-0.39519892632961273,0.0001518691013052964,0.21729381574674098
461,1.0989935398101807,-0.03157893568277359,1.1305724754929543,-0.6530335545539856,0.6768432259559631,-1.3298767805099487,0.00014807349838702466,0.21558778462902256
462,1.098386526107788,-0.031065240502357483,1.1294517666101456,0.2670741677284241,0.6784000396728516,-0.4113258719444275,0.00014437273002454454,0.21383875980718323
463,1.0974948406219482,-0.030560370534658432,1.1280552111566067,0.8338710069656372,0.467430055141449,0.36644095182418823,0.00014076442809438094,0.2120479067872208
464,1.0968410968780518,-0.029982123523950577,1.1268232204020023,1.0935487747192383,0.695451021194458,0.3980977535247803,0.00013724628354083723,0.21021646767843793
465,1.095788836479187,-0.02950669638812542,1.1252955328673124,-0.05210811272263527,0.21351021528244019,-0.26561832800507545,0.00013381604490605992,0.2083457559157933
466,1.094958782196045,-0.02905392460525036,1.1240127068012953,-1.1183009147644043,0.22806140780448914,-1.3463623225688934,0.00013047151689637992,0.20643715084199366
467,1.0940996408462524,-0.02856719307601452,1.122666833922267,-0.16522455215454102,0.8040214776992798,-0.9692460298538208,0.000127210558984292,0.20449209218670228
468,1.0933068990707397,-0.028112534433603287,1.121419433504343,-1.6423317193984985,0.4116193950176239,-2.0539511144161224,0.00012403108404501761,0.20251207447878608
469,1.0920746326446533,-0.027811728417873383,1.1198863610625267,0.19145064055919647,0.23905110359191895,-0.04760046303272247,0.00012093105702690177,0.2004986414258591
470,1.0911654233932495,-0.027640659362077713,1.1188060827553272,-1.2684295177459717,0.16288919746875763,-1.4313187152147293,0.00011790849365472811,0.19845338029354503
471,1.0900001525878906,-0.027491731569170952,1.1174918841570616,-0.977263867855072,-0.009221076965332031,-0.96804279088974,0.00011496145916523037,0.19637791631490298
472,1.0892008543014526,-0.027271654456853867,1.1164725087583065,-0.26032397150993347,-0.3098423480987549,0.04951837658882141,0.00011208806707402319,0.1942739071583734
473,1.088100552558899,-0.027362888678908348,1.1154634412378073,-0.4918864369392395,-0.35223594307899475,-0.13965049386024475,0.00010928647797309177,0.1921430374804373
474,1.087164282798767,-0.02763761393725872,1.1148018967360258,-0.6051169037818909,-0.638285219669342,0.03316831588745117,0.00010655489835803555,0.1899870135869629
475,1.0859347581863403,-0.027757292613387108,1.1136920507997274,-0.7667497992515564,0.2269856482744217,-0.9937354475259781,0.00010389157948459404,0.18780755822497347
476,1.0850389003753662,-0.028182469308376312,1.1132213696837425,-0.13761329650878906,-0.042873091995716095,-0.09474020451307297,0.00010129481625339998,0.18560640552432506
477,1.0840266942977905,-0.028410006314516068,1.1124367006123066,-1.8886562585830688,-0.5254629850387573,-1.3631932735443115,9.87629461225159e-05,0.1833852961065595
478,1.082851529121399,-0.02874561958014965,1.1115971487015486,-0.7314050793647766,-0.7880954742431641,0.05669039487838745,9.62943480469769e-05,0.18114597237601085
479,1.081829309463501,-0.02916942536830902,1.11099873483181,-1.2702547311782837,-0.528677761554718,-0.7415769696235657,9.38874414446178e-05,0.17889017400611412
480,1.0807445049285889,-0.029797235503792763,1.1105417404323816,-0.45343631505966187,-0.69356769323349,0.24013137817382812,9.154068518768543e-05,0.1766196336318016
481,1.079837441444397,-0.030277272686362267,1.1101147141307592,-1.0623345375061035,-0.8286073803901672,-0.23372715711593628,8.925257661931973e-05,0.17433607275689406
482,1.0787830352783203,-0.03060349076986313,1.1093865260481834,-0.6683316230773926,-0.23915114998817444,-0.42918047308921814,8.70216505948207e-05,0.17204119788350453
483,1.0778121948242188,-0.03102741949260235,1.108839614316821,-1.0733104944229126,0.36581945419311523,-1.4391299486160278,8.484647854628546e-05,0.16973669686868453
484,1.0766663551330566,-0.03137653321027756,1.1080428883433342,-0.7256065607070923,-0.8557807803153992,0.13017421960830688,8.272566757092092e-05,0.16742423551186
485,1.0756251811981201,-0.03212782368063927,1.1077530048787594,-1.0330649614334106,-0.10465136915445328,-0.9284135922789574,8.065785954175508e-05,0.1651054543750327
486,1.0745311975479126,-0.032510627061128616,1.1070418246090412,-1.1490460634231567,-1.4295979738235474,0.2805519104003906,7.864173024058063e-05,0.16278196583626484
487,1.0733846426010132,-0.03301706910133362,1.1064017117023468,-0.8237606883049011,-0.31316351890563965,-0.5105971693992615,7.667598851240909e-05,0.1604553513756226
488,1.0724999904632568,-0.03337475284934044,1.1058747433125973,-0.9359247088432312,-0.4771178960800171,-0.4588068127632141,7.475937544099143e-05,0.1581271590915262
489,1.0713380575180054,-0.03414759412407875,1.1054856516420841,-0.7361106276512146,-0.5315145254135132,-0.20459610223770142,7.289066354482232e-05,0.15579890144434316
490,1.070265531539917,-0.034367144107818604,1.1046326756477356,-0.8745670914649963,-0.3438461720943451,-0.5307209193706512,7.10686559931284e-05,0.19201609188287905
491,1.0691953897476196,-0.03517570346593857,1.1043710932135582,-0.7314111590385437,-0.3763536512851715,-0.3550575077533722,6.929218584147967e-05,0.18985863281968335
492,1.0680896043777466,-0.035658903419971466,1.103748507797718,-0.4986971318721771,-0.5401293635368347,0.04143223166465759,6.756011528619155e-05,0.18767784467442633
493,1.0670440196990967,-0.03630686551332474,1.1033508852124214,-0.7864777445793152,-0.4027354121208191,-0.3837423324584961,6.58713349375728e-05,0.18547546209572502
494,1.0659904479980469,-0.03677826747298241,1.1027687154710293,-0.47954311966896057,-0.96230149269104,0.48275837302207947,6.422476311104819e-05,0.18325322593991944
495,1.0649244785308838,-0.03732721507549286,1.1022516936063766,-0.48813313245773315,-0.42324891686439514,-0.06488421559333801,6.261934513590584e-05,0.18101287857339474
496,1.0639972686767578,-0.0378047451376915,1.1018020138144493,-0.9054608941078186,-0.6537184715270996,-0.251742422580719,6.105405268150288e-05,0.1787561593708059
497,1.0627678632736206,-0.03839926794171333,1.101167131215334,-0.6367675065994263,-0.5167713165283203,-0.11999619007110596,5.9527883100013446e-05,0.17648480041997247
498,1.0617502927780151,-0.039036158472299576,1.1007864512503147,-1.3717305660247803,-0.2337990403175354,-1.1379315257072449,5.8039858785524645e-05,0.1742005224422344
499,1.0605509281158447,-0.039441246539354324,1.099992174655199,-1.1185261011123657,-0.34994006156921387,-0.7685860395431519,5.658902654939735e-05,0.1719050309351797
500,1.059412956237793,-0.039991434663534164,1.0994043909013271,-1.1690574884414673,-0.4178304672241211,-0.7512270212173462,5.517445701075374e-05,0.1696000125428692
